{"cameraMode":{"drawMode":0,"name":"Shaded","section":"Shading Mode"},"sceneLighting":false,"audioPlay":false,"sceneViewState":{"showFog":true,"showMaterialUpdate":false,"showSkybox":true,"showFlares":true,"showImageEffects":true,"showParticleSystems":true},"in2DMode":false,"pivot":{"x":0.7914894819259644,"y":0.058792293071746829,"z":-8.527116775512696},"rotation":{"x":-0.10807982087135315,"y":0.01848739944398403,"z":-0.002010742900893092,"w":-0.993971586227417},"size":4.130417346954346,"orthographic":false}